EmpID,Department,Position,RecruitmentSource,EmploymentStatus,TermReason,ExitType,PreventableExit,InAnalysis,TenureYears,TenureBand,TenureOrder,EngagementSurvey,EmpSatisfaction,Salary,Absences,DaysLateLast30,PerformanceScore
10026,Production,Production Technician I,LinkedIn,Active,N/A-StillEmployed,Stayed,0,1,7.652292950034223,5+ yrs,4,4.6,5,62506,1,0,Exceeds
10084,IT/IS,Sr. DBA,Indeed,Voluntarily Terminated,career change,Preventable exit,1,1,1.215605749486653,1-2 yrs,1,4.96,3,104437,17,0,Fully Meets
10196,Production,Production Technician II,LinkedIn,Voluntarily Terminated,hours,Preventable exit,1,1,1.2238193018480492,1-2 yrs,1,3.02,3,64955,3,0,Fully Meets
10088,Production,Production Technician I,Indeed,Active,N/A-StillEmployed,Stayed,0,1,11.143052703627653,5+ yrs,4,4.84,5,64991,15,0,Fully Meets
10069,Production,Production Technician I,Google Search,Voluntarily Terminated,return to school,Unpreventable exit,0,0,5.158110882956879,5+ yrs,4,5.0,4,50825,2,0,Fully Meets
10002,Production,Production Technician I,LinkedIn,Active,N/A-StillEmployed,Stayed,0,1,7.137577002053388,5+ yrs,4,5.0,5,57568,15,0,Exceeds
10194,Software Engineering,Software Engineer,LinkedIn,Active,N/A-StillEmployed,Stayed,0,1,4.301163586584531,3-5 yrs,3,3.04,3,95660,19,0,Fully Meets
10062,Production,Production Technician I,Employee Referral,Active,N/A-StillEmployed,Stayed,0,1,5.412731006160164,5+ yrs,4,5.0,4,59365,19,0,Fully Meets
10114,Production,Production Technician I,Diversity Job Fair,Active,N/A-StillEmployed,Stayed,0,1,9.648186173853524,5+ yrs,4,4.46,3,47837,4,0,Fully Meets
10250,IT/IS,IT Support,Indeed,Active,N/A-StillEmployed,Stayed,0,1,4.147843942505133,3-5 yrs,3,5.0,5,50178,16,0,Fully Meets
10252,Production,Production Technician I,Diversity Job Fair,Voluntarily Terminated,Another position,Preventable exit,1,1,6.006844626967831,5+ yrs,4,4.2,4,54670,12,0,Fully Meets
10242,Production,Production Technician I,Diversity Job Fair,Voluntarily Terminated,unhappy,Preventable exit,1,1,4.465434633812457,3-5 yrs,3,4.2,3,47211,15,0,Fully Meets
10012,IT/IS,Data Analyst,Diversity Job Fair,Active,N/A-StillEmployed,Stayed,0,1,4.301163586584531,3-5 yrs,3,4.28,4,92328,9,0,Exceeds
10265,Production,Production Technician I,Google Search,Active,N/A-StillEmployed,Stayed,0,1,7.02258726899384,5+ yrs,4,4.6,4,58709,7,0,Fully Meets
10066,Production,Production Technician I,On-line Web application,Voluntarily Terminated,Another position,Preventable exit,1,1,4.531143052703627,3-5 yrs,3,5.0,5,52505,1,0,Fully Meets
10061,Production,Production Technician I,Google Search,Terminated for Cause,attendance,Fired,0,0,6.450376454483231,5+ yrs,4,5.0,4,57834,20,0,Fully Meets
10023,Production,Production Technician II,Employee Referral,Active,N/A-StillEmployed,Stayed,0,1,2.6064339493497606,2-3 yrs,2,4.4,3,70131,16,0,Exceeds
10055,Production,Production Technician I,Google Search,Active,N/A-StillEmployed,Stayed,0,1,7.904175222450377,5+ yrs,4,5.0,5,59026,12,0,Fully Meets
10245,IT/IS,Database Administrator,Google Search,Terminated for Cause,performance,Fired,0,0,1.1827515400410678,1-2 yrs,1,4.5,4,110000,8,0,Fully Meets
10277,Production,Production Technician I,LinkedIn,Active,N/A-StillEmployed,Stayed,0,1,5.642710472279261,5+ yrs,4,4.2,4,53250,13,0,Fully Meets
10046,Production,Production Technician I,Google Search,Active,N/A-StillEmployed,Stayed,0,1,6.907597535934292,5+ yrs,4,5.0,3,51044,13,0,Fully Meets
10226,Production,Production Technician I,Indeed,Active,N/A-StillEmployed,Stayed,0,1,5.5277207392197125,5+ yrs,4,4.2,3,64919,2,0,Fully Meets
10003,Production,Production Technician I,Indeed,Active,N/A-StillEmployed,Stayed,0,1,4.646132785763176,3-5 yrs,3,5.0,3,62910,19,0,Exceeds
10294,Production,Production Technician II,CareerBuilder,Active,N/A-StillEmployed,Stayed,0,1,7.904175222450377,5+ yrs,4,2.0,3,66441,3,2,Needs Improvement
10267,Production,Production Technician II,Google Search,Voluntarily Terminated,career change,Preventable exit,1,1,3.2306639288158796,3-5 yrs,3,4.8,5,57815,5,0,Fully Meets
10199,IT/IS,Enterprise Architect,LinkedIn,Terminated for Cause,Learned that he is a gangster,Fired,0,0,2.004106776180698,2-3 yrs,2,3.5,5,103613,2,0,Fully Meets
10081,Admin Offices,Sr. Accountant,Diversity Job Fair,Active,N/A-StillEmployed,Stayed,0,1,4.032854209445585,3-5 yrs,3,5.0,4,106367,4,0,Fully Meets
10175,Production,Production Manager,Indeed,Voluntarily Terminated,retiring,Unpreventable exit,0,0,0.8514715947980835,Under 1 yr,0,3.39,3,74312,14,0,Fully Meets
10177,Production,Production Technician I,Google Search,Voluntarily Terminated,Another position,Preventable exit,1,1,1.2019164955509924,1-2 yrs,1,3.35,4,53492,6,0,Fully Meets
10238,Admin Offices,Accountant I,Diversity Job Fair,Active,N/A-StillEmployed,Stayed,0,1,10.338124572210814,5+ yrs,4,4.5,2,63000,14,0,Fully Meets
10184,Production,Production Technician II,Google Search,Active,N/A-StillEmployed,Stayed,0,1,4.41615331964408,3-5 yrs,3,3.19,3,65288,9,0,Fully Meets
10203,Production,Production Technician I,Diversity Job Fair,Active,N/A-StillEmployed,Stayed,0,1,5.297741273100616,5+ yrs,4,3.5,5,64375,17,0,Fully Meets
10188,Sales,Area Sales Manager,Google Search,Voluntarily Terminated,Another position,Preventable exit,1,1,2.965092402464066,2-3 yrs,2,3.14,5,74326,19,1,Fully Meets
10107,Production,Production Technician II,Employee Referral,Active,N/A-StillEmployed,Stayed,0,1,6.98425735797399,5+ yrs,4,4.51,4,63763,3,0,Fully Meets
10181,Production,Production Technician II,Indeed,Active,N/A-StillEmployed,Stayed,0,1,7.904175222450377,5+ yrs,4,3.25,5,62162,15,0,Fully Meets
10150,Software Engineering,Software Engineering Manager,Google Search,Active,N/A-StillEmployed,Stayed,0,1,7.540041067761807,5+ yrs,4,3.84,3,77692,4,0,Fully Meets
10001,Production,Production Manager,Indeed,Active,N/A-StillEmployed,Stayed,0,1,3.0855578370978782,3-5 yrs,3,5.0,3,72640,14,0,Exceeds
10085,Software Engineering,Software Engineer,Indeed,Active,N/A-StillEmployed,Stayed,0,1,5.297741273100616,5+ yrs,4,4.96,4,93396,3,0,Fully Meets
10115,Production,Production Technician I,LinkedIn,Active,N/A-StillEmployed,Stayed,0,1,4.914442162902122,3-5 yrs,3,4.43,3,52846,14,0,Fully Meets
10082,IT/IS,Sr. DBA,LinkedIn,Active,N/A-StillEmployed,Stayed,0,1,2.6639288158795345,2-3 yrs,2,5.0,5,100031,7,0,Fully Meets
10040,Sales,Area Sales Manager,Indeed,Active,N/A-StillEmployed,Stayed,0,1,4.531143052703627,3-5 yrs,3,5.0,5,71860,7,0,Fully Meets
10067,Production,Production Technician I,Google Search,Active,N/A-StillEmployed,Stayed,0,1,4.41615331964408,3-5 yrs,3,5.0,4,61656,11,0,Fully Meets
10108,IT/IS,BI Director,Indeed,Active,N/A-StillEmployed,Stayed,0,1,2.4777549623545516,2-3 yrs,2,4.5,5,110929,8,0,Fully Meets
10210,Production,Production Technician I,Indeed,Active,N/A-StillEmployed,Stayed,0,1,4.799452429842574,3-5 yrs,3,3.3,4,54237,11,0,Fully Meets
10154,Production,Production Technician I,LinkedIn,Active,N/A-StillEmployed,Stayed,0,1,5.642710472279261,5+ yrs,4,3.8,5,60380,4,0,Fully Meets
10200,Sales,Area Sales Manager,Employee Referral,Active,N/A-StillEmployed,Stayed,0,1,6.792607802874743,5+ yrs,4,3.0,5,66808,17,0,Fully Meets
10240,Production,Production Technician I,Indeed,Voluntarily Terminated,relocation out of area,Unpreventable exit,0,0,4.386036960985626,3-5 yrs,3,4.3,4,64786,3,0,Fully Meets
10168,Production,Production Technician I,Indeed,Active,N/A-StillEmployed,Stayed,0,1,7.405886379192334,5+ yrs,4,3.58,5,64816,3,0,Fully Meets
10220,IT/IS,IT Support,Indeed,Active,N/A-StillEmployed,Stayed,0,1,6.480492813141684,5+ yrs,4,4.7,3,68678,2,0,Fully Meets
10275,Production,Production Technician II,Google Search,Voluntarily Terminated,unhappy,Preventable exit,1,1,1.648186173853525,1-2 yrs,1,4.2,5,64066,9,0,Fully Meets
10269,Production,Production Technician II,Indeed,Voluntarily Terminated,career change,Preventable exit,1,1,1.0732375085557837,1-2 yrs,1,4.2,4,59369,6,0,Fully Meets
10029,Production,Production Technician I,Employee Referral,Active,N/A-StillEmployed,Stayed,0,1,2.647501711156742,2-3 yrs,2,4.1,4,50373,5,0,Exceeds
10261,Production,Production Technician I,Employee Referral,Active,N/A-StillEmployed,Stayed,0,1,5.642710472279261,5+ yrs,4,4.4,5,63108,3,0,Fully Meets
10292,Production,Production Technician I,LinkedIn,Terminated for Cause,performance,Fired,0,0,5.204654346338125,5+ yrs,4,2.0,3,59144,16,5,Needs Improvement
10282,Production,Production Manager,CareerBuilder,Active,N/A-StillEmployed,Stayed,0,1,8.61054072553046,5+ yrs,4,4.13,2,68051,3,3,Needs Improvement
10019,Production,Director of Operations,Indeed,Active,N/A-StillEmployed,Stayed,0,1,10.146475017111568,5+ yrs,4,3.7,5,170500,15,0,Exceeds
10094,Production,Production Technician I,Indeed,Active,N/A-StillEmployed,Stayed,0,1,4.147843942505133,3-5 yrs,3,4.73,5,63381,6,0,Fully Meets
10193,IT/IS,Data Analyst,Indeed,Active,N/A-StillEmployed,Stayed,0,1,3.917864476386037,3-5 yrs,3,3.04,3,83552,2,0,Fully Meets
10132,Production,Production Technician I,LinkedIn,Active,N/A-StillEmployed,Stayed,0,1,2.647501711156742,2-3 yrs,2,4.12,5,56149,15,0,Fully Meets
10083,IT/IS,Sr. Network Engineer,Employee Referral,Active,N/A-StillEmployed,Stayed,0,1,4.301163586584531,3-5 yrs,3,5.0,3,92329,5,0,Fully Meets
10099,Sales,Sales Manager,Indeed,Active,N/A-StillEmployed,Stayed,0,1,4.818617385352498,3-5 yrs,3,4.62,4,65729,8,0,Fully Meets
10212,IT/IS,Sr. Network Engineer,LinkedIn,Active,N/A-StillEmployed,Stayed,0,1,4.301163586584531,3-5 yrs,3,3.1,5,85028,19,0,Fully Meets
10056,Production,Production Technician I,Indeed,Active,N/A-StillEmployed,Stayed,0,1,6.658453114305271,5+ yrs,4,5.0,3,57583,1,0,Fully Meets
10143,Production,Production Technician II,LinkedIn,Active,N/A-StillEmployed,Stayed,0,1,7.310061601642711,5+ yrs,4,3.96,4,56294,6,0,Fully Meets
10311,Production,Production Technician I,Indeed,Active,N/A-StillEmployed,Stayed,0,1,0.6406570841889117,Under 1 yr,0,4.3,4,56991,2,2,Fully Meets
10070,Production,Production Technician I,Indeed,Voluntarily Terminated,unhappy,Preventable exit,1,1,5.065023956194388,5+ yrs,4,5.0,4,55722,14,0,Fully Meets
10155,Software Engineering,Software Engineer,CareerBuilder,Active,N/A-StillEmployed,Stayed,0,1,7.137577002053388,5+ yrs,4,3.79,5,101199,8,0,Fully Meets
10306,Sales,Area Sales Manager,Indeed,Active,N/A-StillEmployed,Stayed,0,1,4.41615331964408,3-5 yrs,3,1.93,3,61568,5,6,PIP
10100,Production,Production Technician II,Google Search,Voluntarily Terminated,more money,Preventable exit,1,1,4.58590006844627,3-5 yrs,3,4.62,5,58275,1,0,Fully Meets
10310,Production,Production Technician I,Indeed,Active,N/A-StillEmployed,Stayed,0,1,4.646132785763176,3-5 yrs,3,1.12,2,53189,9,4,PIP
10197,IT/IS,BI Developer,Indeed,Active,N/A-StillEmployed,Stayed,0,1,2.0342231348391513,2-3 yrs,2,3.01,5,96820,15,0,Fully Meets
10276,Production,Production Technician I,Indeed,Active,N/A-StillEmployed,Stayed,0,1,4.799452429842574,3-5 yrs,3,4.3,4,51259,1,0,Fully Meets
10304,Sales,Area Sales Manager,Website,Active,N/A-StillEmployed,Stayed,0,1,7.02258726899384,5+ yrs,4,2.3,1,59231,17,2,PIP
10284,Production,Production Technician I,Indeed,Active,N/A-StillEmployed,Stayed,0,1,6.140999315537303,5+ yrs,4,3.88,4,61584,6,0,Needs Improvement
10207,Production,Production Technician I,CareerBuilder,Active,N/A-StillEmployed,Stayed,0,1,6.907597535934292,5+ yrs,4,3.4,5,46335,15,0,Fully Meets
10133,IT/IS,IT Support,Employee Referral,Active,N/A-StillEmployed,Stayed,0,1,4.147843942505133,3-5 yrs,3,4.11,4,70621,16,0,Fully Meets
10028,IT/IS,IT Manager - Support,Indeed,Active,N/A-StillEmployed,Stayed,0,1,5.147159479808351,5+ yrs,4,4.3,5,138888,4,0,Exceeds
10006,Sales,Area Sales Manager,Indeed,Active,N/A-StillEmployed,Stayed,0,1,8.134154688569472,5+ yrs,4,4.77,5,74241,14,0,Exceeds
10105,Production,Production Manager,Google Search,Active,N/A-StillEmployed,Stayed,0,1,4.446269678302532,3-5 yrs,3,4.52,4,75188,4,0,Fully Meets
10211,Production,Production Technician I,Google Search,Active,N/A-StillEmployed,Stayed,0,1,8.843258042436688,5+ yrs,4,2.9,3,62514,6,0,Fully Meets
10064,Production,Production Technician I,Google Search,Voluntarily Terminated,military,Unpreventable exit,0,0,6.1738535249828885,5+ yrs,4,5.0,3,60070,7,0,Fully Meets
10247,Production,Production Technician I,LinkedIn,Active,N/A-StillEmployed,Stayed,0,1,4.301163586584531,3-5 yrs,3,4.7,5,48888,8,0,Fully Meets
10235,Production,Production Technician I,Employee Referral,Active,N/A-StillEmployed,Stayed,0,1,4.914442162902122,3-5 yrs,3,4.2,3,54285,3,0,Fully Meets
10299,Production,Production Technician II,Indeed,Active,N/A-StillEmployed,Stayed,0,1,4.646132785763176,3-5 yrs,3,3.0,1,56847,5,2,PIP
10280,Production,Production Technician I,Google Search,Terminated for Cause,attendance,Fired,0,0,6.485968514715948,5+ yrs,4,5.0,4,60340,16,5,Needs Improvement
10296,Production,Production Technician I,Google Search,Terminated for Cause,"no-call, no-show",Fired,0,0,4.0219028062970565,3-5 yrs,3,2.3,3,59124,19,5,Needs Improvement
10290,Software Engineering,Software Engineer,Indeed,Terminated for Cause,attendance,Fired,0,0,2.0944558521560577,2-3 yrs,2,2.1,5,99280,19,4,Needs Improvement
10263,Production,Production Technician II,LinkedIn,Active,N/A-StillEmployed,Stayed,0,1,4.646132785763176,3-5 yrs,3,4.4,5,71776,17,0,Fully Meets
10136,Production,Production Technician II,LinkedIn,Active,N/A-StillEmployed,Stayed,0,1,5.02943189596167,5+ yrs,4,4.0,4,65902,7,0,Fully Meets
10189,Production,Production Technician I,Google Search,Voluntarily Terminated,military,Unpreventable exit,0,0,4.525667351129363,3-5 yrs,3,3.13,3,57748,16,0,Fully Meets
10308,Production,Production Technician I,Indeed,Active,N/A-StillEmployed,Stayed,0,1,3.802874743326489,3-5 yrs,3,1.56,5,64057,15,6,PIP
10309,IT/IS,Network Engineer,LinkedIn,Active,N/A-StillEmployed,Stayed,0,1,3.917864476386037,3-5 yrs,3,1.2,3,53366,2,3,PIP
10049,Production,Production Technician I,Google Search,Active,N/A-StillEmployed,Stayed,0,1,7.137577002053388,5+ yrs,4,5.0,5,58530,19,0,Fully Meets
10093,Production,Production Technician II,Google Search,Voluntarily Terminated,hours,Preventable exit,1,1,2.108145106091718,2-3 yrs,2,4.76,5,72609,20,0,Fully Meets
10163,Production,Production Technician II,Google Search,Voluntarily Terminated,career change,Preventable exit,1,1,1.7686516084873374,1-2 yrs,1,3.66,3,55965,6,0,Fully Meets
10305,Sales,Area Sales Manager,Employee Referral,Terminated for Cause,Fatal attraction,Fired,0,0,3.887748117727584,3-5 yrs,3,2.0,5,70187,7,4,PIP
10015,IT/IS,IT Director,Indeed,Active,N/A-StillEmployed,Stayed,0,1,7.874058863791923,5+ yrs,4,5.0,5,178000,15,0,Exceeds
10080,Admin Offices,Sr. Accountant,Other,Active,N/A-StillEmployed,Stayed,0,1,10.146475017111568,5+ yrs,4,5.0,3,99351,3,0,Fully Meets
10258,Sales,Area Sales Manager,CareerBuilder,Active,N/A-StillEmployed,Stayed,0,1,7.479808350444901,5+ yrs,4,4.3,3,67251,7,2,Fully Meets
10273,IT/IS,IT Support,LinkedIn,Active,N/A-StillEmployed,Stayed,0,1,8.829568788501026,5+ yrs,4,4.7,4,65707,1,0,Fully Meets
10111,Production,Production Technician I,Employee Referral,Active,N/A-StillEmployed,Stayed,0,1,3.917864476386037,3-5 yrs,3,4.5,3,52249,5,0,Fully Meets
10257,Production,Production Technician I,LinkedIn,Active,N/A-StillEmployed,Stayed,0,1,7.789185489390828,5+ yrs,4,4.2,4,53171,12,0,Fully Meets
10159,Production,Production Technician I,LinkedIn,Active,N/A-StillEmployed,Stayed,0,1,3.917864476386037,3-5 yrs,3,3.73,3,51337,19,0,Fully Meets
10122,Production,Production Technician I,Diversity Job Fair,Voluntarily Terminated,hours,Preventable exit,1,1,5.023956194387406,5+ yrs,4,4.24,4,51505,2,0,Fully Meets
10142,Sales,Area Sales Manager,CareerBuilder,Terminated for Cause,attendance,Fired,0,0,1.163586584531143,1-2 yrs,1,3.97,4,59370,7,0,Fully Meets
10283,Production,Production Technician I,Diversity Job Fair,Voluntarily Terminated,military,Unpreventable exit,0,0,3.2279260780287475,3-5 yrs,3,3.97,4,54933,15,3,Needs Improvement
10018,Production,Production Technician I,Indeed,Active,N/A-StillEmployed,Stayed,0,1,4.41615331964408,3-5 yrs,3,3.9,4,57815,3,0,Exceeds
10255,Sales,Area Sales Manager,Indeed,Active,N/A-StillEmployed,Stayed,0,1,4.032854209445585,3-5 yrs,3,4.5,5,61555,20,0,Fully Meets
10246,IT/IS,Database Administrator,Indeed,Terminated for Cause,"no-call, no-show",Fired,0,0,0.07392197125256673,Under 1 yr,0,4.6,4,114800,10,0,Fully Meets
10228,IT/IS,IT Support,LinkedIn,Active,N/A-StillEmployed,Stayed,0,1,3.917864476386037,3-5 yrs,3,4.3,5,74679,20,0,Fully Meets
10243,Production,Production Technician I,Indeed,Active,N/A-StillEmployed,Stayed,0,1,5.297741273100616,5+ yrs,4,4.3,5,53018,7,0,Fully Meets
10031,Production,Production Technician I,Diversity Job Fair,Active,N/A-StillEmployed,Stayed,0,1,7.6358658453114305,5+ yrs,4,4.5,4,59892,1,0,Exceeds
10300,Production,Production Technician II,Diversity Job Fair,Voluntarily Terminated,career change,Preventable exit,1,1,1.0924024640657084,1-2 yrs,1,3.0,3,68898,10,3,PIP
10101,IT/IS,IT Support,Employee Referral,Active,N/A-StillEmployed,Stayed,0,1,4.147843942505133,3-5 yrs,3,4.61,4,61242,11,0,Fully Meets
10237,Production,Production Technician II,LinkedIn,Active,N/A-StillEmployed,Stayed,0,1,4.799452429842574,3-5 yrs,3,4.6,3,66825,20,0,Fully Meets
10051,Production,Production Technician I,LinkedIn,Active,N/A-StillEmployed,Stayed,0,1,6.658453114305271,5+ yrs,4,5.0,3,48285,2,0,Fully Meets
10218,Production,Production Technician II,Google Search,Active,N/A-StillEmployed,Stayed,0,1,5.412731006160164,5+ yrs,4,4.4,5,66149,1,0,Fully Meets
10256,Production,Production Technician I,LinkedIn,Active,N/A-StillEmployed,Stayed,0,1,5.5277207392197125,5+ yrs,4,4.1,5,49256,3,0,Fully Meets
10098,Production,Production Manager,Employee Referral,Active,N/A-StillEmployed,Stayed,0,1,3.7426420260095825,3-5 yrs,3,4.63,3,62957,2,0,Fully Meets
10059,Production,Production Technician I,CareerBuilder,Voluntarily Terminated,more money,Preventable exit,1,1,2.8884325804243667,2-3 yrs,2,5.0,5,63813,17,0,Fully Meets
10234,IT/IS,BI Developer,Indeed,Active,N/A-StillEmployed,Stayed,0,1,1.8590006844626967,1-2 yrs,1,4.2,5,99020,8,0,Fully Meets
10109,Sales,Area Sales Manager,LinkedIn,Voluntarily Terminated,relocation out of area,Unpreventable exit,0,0,2.650239561943874,2-3 yrs,2,4.5,5,71707,20,0,Fully Meets
10125,Production,Production Technician I,Google Search,Active,N/A-StillEmployed,Stayed,0,1,7.252566735112937,5+ yrs,4,4.2,4,54828,13,0,Fully Meets
10074,Production,Production Technician II,LinkedIn,Active,N/A-StillEmployed,Stayed,0,1,5.297741273100616,5+ yrs,4,5.0,3,64246,20,0,Fully Meets
10097,Production,Production Technician I,CareerBuilder,Voluntarily Terminated,retiring,Unpreventable exit,0,0,3.9315537303216974,3-5 yrs,3,4.64,4,52177,8,0,Fully Meets
10007,Production,Production Technician I,CareerBuilder,Active,N/A-StillEmployed,Stayed,0,1,4.799452429842574,3-5 yrs,3,4.76,4,62065,5,0,Exceeds
10129,Production,Production Technician I,Google Search,Active,N/A-StillEmployed,Stayed,0,1,6.543463381245722,5+ yrs,4,4.17,4,46998,1,0,Fully Meets
10075,Production,Production Technician II,CareerBuilder,Voluntarily Terminated,hours,Preventable exit,1,1,2.43668720054757,2-3 yrs,2,5.0,3,68099,15,0,Fully Meets
10167,Sales,Area Sales Manager,Indeed,Active,N/A-StillEmployed,Stayed,0,1,4.531143052703627,3-5 yrs,3,3.6,5,70545,9,0,Fully Meets
10195,Production,Production Technician II,Indeed,Voluntarily Terminated,relocation out of area,Unpreventable exit,0,0,0.6461327857631759,Under 1 yr,0,3.03,5,63478,16,0,Fully Meets
10112,IT/IS,Database Administrator,Indeed,Active,N/A-StillEmployed,Stayed,0,1,3.917864476386037,3-5 yrs,3,4.48,5,97999,4,0,Fully Meets
10272,Sales,Director of Sales,LinkedIn,Active,N/A-StillEmployed,Stayed,0,1,4.818617385352498,3-5 yrs,3,4.5,4,180000,19,0,Fully Meets
10182,Admin Offices,Administrative Assistant,Indeed,Terminated for Cause,"no-call, no-show",Fired,0,0,0.15879534565366188,Under 1 yr,0,3.24,3,49920,6,0,Fully Meets
10248,Production,Production Technician I,LinkedIn,Active,N/A-StillEmployed,Stayed,0,1,7.02258726899384,5+ yrs,4,4.8,4,55425,4,0,Fully Meets
10201,Production,Production Technician II,LinkedIn,Active,N/A-StillEmployed,Stayed,0,1,2.729637234770705,2-3 yrs,2,3.0,5,69340,4,0,Fully Meets
10214,Production,Production Technician II,Indeed,Active,N/A-StillEmployed,Stayed,0,1,3.7344284736481863,3-5 yrs,3,4.5,3,64995,6,0,Fully Meets
10160,Production,Production Technician II,Google Search,Voluntarily Terminated,unhappy,Preventable exit,1,1,2.108145106091718,2-3 yrs,2,3.72,3,68182,18,0,Fully Meets
10289,Production,Production Manager,Indeed,Voluntarily Terminated,unhappy,Preventable exit,1,1,1.5906913073237507,1-2 yrs,1,2.34,2,83082,4,3,Needs Improvement
10139,Production,Production Technician I,Indeed,Active,N/A-StillEmployed,Stayed,0,1,5.5277207392197125,5+ yrs,4,3.99,3,51908,14,0,Fully Meets
10227,Production,Production Technician I,LinkedIn,Active,N/A-StillEmployed,Stayed,0,1,6.313483915126626,5+ yrs,4,4.1,3,61242,7,0,Fully Meets
10236,Production,Production Technician I,Employee Referral,Active,N/A-StillEmployed,Stayed,0,1,5.412731006160164,5+ yrs,4,4.3,5,45069,7,0,Fully Meets
10009,Production,Production Technician II,LinkedIn,Active,N/A-StillEmployed,Stayed,0,1,7.652292950034223,5+ yrs,4,4.6,4,60724,11,0,Exceeds
10060,Production,Production Technician I,LinkedIn,Active,N/A-StillEmployed,Stayed,0,1,5.144421629021219,5+ yrs,4,5.0,5,60436,9,0,Fully Meets
10034,Production,Production Technician I,CareerBuilder,Voluntarily Terminated,more money,Preventable exit,1,1,6.4750171115674195,5+ yrs,4,4.7,4,46837,9,0,Exceeds
10156,IT/IS,Database Administrator,Indeed,Active,N/A-StillEmployed,Stayed,0,1,4.147843942505133,3-5 yrs,3,3.75,3,105700,2,0,Fully Meets
10036,Production,Production Technician II,LinkedIn,Active,N/A-StillEmployed,Stayed,0,1,4.646132785763176,3-5 yrs,3,4.3,3,63322,1,0,Exceeds
10138,Production,Production Technician I,CareerBuilder,Voluntarily Terminated,unhappy,Preventable exit,1,1,5.223819301848049,5+ yrs,4,4.0,4,61154,4,0,Fully Meets
10244,Sales,Sales Manager,Google Search,Voluntarily Terminated,maternity leave - did not return,Unpreventable exit,0,0,2.461327857631759,2-3 yrs,2,4.5,5,68999,2,0,Fully Meets
10192,Production,Production Technician I,Indeed,Active,N/A-StillEmployed,Stayed,0,1,5.412731006160164,5+ yrs,4,3.07,4,50482,10,0,Fully Meets
10231,Sales,Area Sales Manager,Indeed,Active,N/A-StillEmployed,Stayed,0,1,5.5277207392197125,5+ yrs,4,4.3,5,65310,13,0,Fully Meets
10089,Executive Office,President & CEO,Indeed,Active,N/A-StillEmployed,Stayed,0,1,6.658453114305271,5+ yrs,4,4.83,3,250000,10,0,Fully Meets
10166,Production,Production Technician I,Google Search,Voluntarily Terminated,more money,Preventable exit,1,1,3.6878850102669403,3-5 yrs,3,3.6,5,54005,16,0,Fully Meets
10170,Production,Production Technician I,Google Search,Voluntarily Terminated,more money,Preventable exit,1,1,2.2888432580424367,2-3 yrs,2,3.49,4,45433,6,0,Fully Meets
10208,Production,Production Technician I,LinkedIn,Active,N/A-StillEmployed,Stayed,0,1,5.02943189596167,5+ yrs,4,3.1,3,46654,3,0,Fully Meets
10176,Production,Production Technician I,Indeed,Active,N/A-StillEmployed,Stayed,0,1,8.134154688569472,5+ yrs,4,3.38,3,63973,17,0,Fully Meets
10165,Sales,Area Sales Manager,Diversity Job Fair,Active,N/A-StillEmployed,Stayed,0,1,7.9808350444900755,5+ yrs,4,3.65,5,71339,20,0,Fully Meets
10113,IT/IS,Sr. Network Engineer,Employee Referral,Active,N/A-StillEmployed,Stayed,0,1,4.301163586584531,3-5 yrs,3,4.46,5,93206,7,0,Fully Meets
10092,Production,Production Manager,Employee Referral,Terminated for Cause,attendance,Fired,0,0,4.919917864476386,3-5 yrs,3,4.78,4,82758,9,0,Fully Meets
10106,Production,Production Technician II,Indeed,Voluntarily Terminated,Another position,Preventable exit,1,1,1.2265571526351813,1-2 yrs,1,4.52,3,66074,20,0,Fully Meets
10052,Production,Production Technician I,LinkedIn,Active,N/A-StillEmployed,Stayed,0,1,6.639288158795345,5+ yrs,4,5.0,5,46120,13,0,Fully Meets
10038,Admin Offices,Accountant I,Website,Active,N/A-StillEmployed,Stayed,0,1,5.144421629021219,5+ yrs,4,5.0,4,64520,3,0,Fully Meets
10249,Production,Production Technician II,Google Search,Voluntarily Terminated,more money,Preventable exit,1,1,1.0349075975359343,1-2 yrs,1,4.9,3,61962,20,0,Fully Meets
10232,IT/IS,Senior BI Developer,Indeed,Active,N/A-StillEmployed,Stayed,0,1,2.406570841889117,2-3 yrs,2,4.1,5,81584,2,0,Fully Meets
10087,Production,Production Technician I,CareerBuilder,Voluntarily Terminated,return to school,Unpreventable exit,0,0,6.896646132785763,5+ yrs,4,4.88,3,63676,17,0,Fully Meets
10134,Admin Offices,Shared Services Manager,CareerBuilder,Active,N/A-StillEmployed,Stayed,0,1,3.1485284052019167,3-5 yrs,3,4.1,4,93046,20,0,Fully Meets
10251,Production,Production Technician I,Google Search,Active,N/A-StillEmployed,Stayed,0,1,6.792607802874743,5+ yrs,4,4.1,3,64738,10,0,Fully Meets
10103,Sales,Area Sales Manager,Website,Active,N/A-StillEmployed,Stayed,0,1,6.830937713894593,5+ yrs,4,4.53,3,70468,16,0,Fully Meets
10017,Production,Production Manager,Website,Active,N/A-StillEmployed,Stayed,0,1,5.412731006160164,5+ yrs,4,4.1,3,77915,11,0,Exceeds
10186,Production,Production Technician I,Indeed,Voluntarily Terminated,unhappy,Preventable exit,1,1,7.227926078028747,5+ yrs,4,3.18,4,52624,16,0,Fully Meets
10137,Production,Production Technician II,LinkedIn,Active,N/A-StillEmployed,Stayed,0,1,5.642710472279261,5+ yrs,4,4.0,3,63450,7,0,Fully Meets
10008,IT/IS,IT Support,Diversity Job Fair,Active,N/A-StillEmployed,Stayed,0,1,8.10403832991102,5+ yrs,4,4.64,4,51777,14,0,Exceeds
10096,Production,Production Technician II,LinkedIn,Voluntarily Terminated,more money,Preventable exit,1,1,3.189596167008898,3-5 yrs,3,4.65,4,67237,15,0,Fully Meets
10035,Production,Production Technician II,Indeed,Active,N/A-StillEmployed,Stayed,0,1,5.5277207392197125,5+ yrs,4,4.2,4,73330,19,0,Exceeds
10057,Production,Production Technician I,Website,Active,N/A-StillEmployed,Stayed,0,1,4.032854209445585,3-5 yrs,3,5.0,3,52057,6,0,Fully Meets
10004,Production,Production Technician I,Diversity Job Fair,Voluntarily Terminated,Another position,Preventable exit,1,1,4.0191649555099245,3-5 yrs,3,5.0,4,47434,17,0,Exceeds
10191,Production,Production Technician I,Indeed,Voluntarily Terminated,hours,Preventable exit,1,1,5.004791238877481,5+ yrs,4,3.08,4,52788,18,0,Fully Meets
10219,Production,Production Technician I,LinkedIn,Active,N/A-StillEmployed,Stayed,0,1,5.144421629021219,5+ yrs,4,4.6,4,45395,14,0,Fully Meets
10077,Production,Production Technician II,LinkedIn,Active,N/A-StillEmployed,Stayed,0,1,2.8008213552361396,2-3 yrs,2,5.0,3,62385,4,0,Fully Meets
10073,Production,Production Technician II,LinkedIn,Voluntarily Terminated,Another position,Preventable exit,1,1,1.1252566735112937,1-2 yrs,1,5.0,4,68407,16,0,Fully Meets
10279,Production,Production Technician I,LinkedIn,Active,N/A-StillEmployed,Stayed,0,1,5.297741273100616,5+ yrs,4,4.1,3,61349,11,0,Fully Meets
10110,Software Engineering,Software Engineer,Google Search,Active,N/A-StillEmployed,Stayed,0,1,5.297741273100616,5+ yrs,4,4.5,5,105688,14,0,Fully Meets
10053,Production,Production Technician I,Indeed,Active,N/A-StillEmployed,Stayed,0,1,7.748117727583847,5+ yrs,4,5.0,4,54132,8,0,Fully Meets
10076,Production,Production Technician II,LinkedIn,Active,N/A-StillEmployed,Stayed,0,1,3.917864476386037,3-5 yrs,3,5.0,5,55315,16,0,Fully Meets
10145,Production,Production Technician I,CareerBuilder,Active,N/A-StillEmployed,Stayed,0,1,6.140999315537303,5+ yrs,4,3.93,3,62810,20,0,Fully Meets
10202,Sales,Area Sales Manager,Website,Active,N/A-StillEmployed,Stayed,0,1,2.647501711156742,2-3 yrs,2,3.4,4,63291,7,0,Fully Meets
10128,Production,Production Technician I,Diversity Job Fair,Voluntarily Terminated,Another position,Preventable exit,1,1,4.610540725530458,3-5 yrs,3,4.18,4,62659,17,0,Fully Meets
10068,Production,Production Technician I,CareerBuilder,Active,N/A-StillEmployed,Stayed,0,1,3.917864476386037,3-5 yrs,3,5.0,4,55688,10,0,Fully Meets
10116,Production,Production Manager,Indeed,Active,N/A-StillEmployed,Stayed,0,1,6.535249828884326,5+ yrs,4,4.37,3,83667,2,0,Fully Meets
10298,Production,Production Technician II,LinkedIn,Voluntarily Terminated,unhappy,Preventable exit,1,1,3.055441478439425,3-5 yrs,3,3.0,2,55800,6,6,PIP
10213,Production,Production Technician II,LinkedIn,Active,N/A-StillEmployed,Stayed,0,1,7.310061601642711,5+ yrs,4,3.7,3,58207,14,0,Fully Meets
10288,IT/IS,IT Manager - Infra,Diversity Job Fair,Active,N/A-StillEmployed,Stayed,0,1,7.036276522929501,5+ yrs,4,2.39,3,157000,13,4,Needs Improvement
10025,Production,Production Technician II,Indeed,Active,N/A-StillEmployed,Stayed,0,1,5.796030116358659,5+ yrs,4,4.7,3,72460,1,0,Exceeds
10223,Production,Production Technician II,Diversity Job Fair,Active,N/A-StillEmployed,Stayed,0,1,7.137577002053388,5+ yrs,4,4.1,4,72106,12,0,Fully Meets
10151,IT/IS,Network Engineer,CareerBuilder,Active,N/A-StillEmployed,Stayed,0,1,4.032854209445585,3-5 yrs,3,3.81,3,52599,6,0,Fully Meets
10254,Production,Production Technician I,LinkedIn,Active,N/A-StillEmployed,Stayed,0,1,5.9110198494182065,5+ yrs,4,4.4,4,63430,18,0,Fully Meets
10120,Production,Production Technician II,LinkedIn,Active,N/A-StillEmployed,Stayed,0,1,5.796030116358659,5+ yrs,4,4.29,5,74417,11,0,Fully Meets
10216,Production,Production Technician I,LinkedIn,Active,N/A-StillEmployed,Stayed,0,1,5.642710472279261,5+ yrs,4,4.1,4,57575,13,0,Fully Meets
10079,IT/IS,Senior BI Developer,Indeed,Active,N/A-StillEmployed,Stayed,0,1,2.0479123887748116,2-3 yrs,2,5.0,3,87921,17,0,Fully Meets
10215,Production,Production Technician I,Diversity Job Fair,Voluntarily Terminated,return to school,Unpreventable exit,0,0,2.521560574948665,2-3 yrs,2,4.3,3,50470,19,0,Fully Meets
10185,Production,Production Technician I,Employee Referral,Voluntarily Terminated,more money,Preventable exit,1,1,3.1485284052019167,3-5 yrs,3,3.18,3,46664,10,0,Fully Meets
10063,Production,Production Technician I,LinkedIn,Active,N/A-StillEmployed,Stayed,0,1,4.799452429842574,3-5 yrs,3,5.0,5,48495,11,0,Fully Meets
10037,Production,Production Technician I,Diversity Job Fair,Active,N/A-StillEmployed,Stayed,0,1,5.9110198494182065,5+ yrs,4,4.0,3,52984,12,0,Exceeds
10042,Sales,Area Sales Manager,Indeed,Active,N/A-StillEmployed,Stayed,0,1,5.642710472279261,5+ yrs,4,5.0,5,63695,2,0,Fully Meets
10206,Production,Production Technician I,LinkedIn,Active,N/A-StillEmployed,Stayed,0,1,5.642710472279261,5+ yrs,4,3.6,5,62061,4,0,Fully Meets
10104,Production,Production Technician II,Indeed,Active,N/A-StillEmployed,Stayed,0,1,4.301163586584531,3-5 yrs,3,4.53,5,66738,5,0,Fully Meets
10303,Production,Production Technician I,LinkedIn,Terminated for Cause,performance,Fired,0,0,4.084873374401095,3-5 yrs,3,2.33,2,52674,3,6,PIP
10078,Production,Production Technician II,LinkedIn,Voluntarily Terminated,unhappy,Preventable exit,1,1,1.264887063655031,1-2 yrs,1,5.0,3,71966,17,0,Fully Meets
10121,Sales,Area Sales Manager,Indeed,Active,N/A-StillEmployed,Stayed,0,1,5.412731006160164,5+ yrs,4,4.28,3,63051,1,0,Fully Meets
10021,Production,Production Technician I,LinkedIn,Active,N/A-StillEmployed,Stayed,0,1,5.412731006160164,5+ yrs,4,5.0,3,47414,13,0,Exceeds
10281,Production,Production Technician I,LinkedIn,Active,N/A-StillEmployed,Stayed,0,1,5.02943189596167,5+ yrs,4,4.25,3,53060,6,4,Needs Improvement
10041,Sales,Area Sales Manager,Website,Active,N/A-StillEmployed,Stayed,0,1,4.147843942505133,3-5 yrs,3,5.0,5,68829,18,0,Fully Meets
10148,Production,Production Technician I,Google Search,Voluntarily Terminated,Another position,Preventable exit,1,1,2.9295003422313486,2-3 yrs,2,3.89,4,63515,7,0,Fully Meets
10005,Software Engineering,Software Engineer,Diversity Job Fair,Voluntarily Terminated,Another position,Preventable exit,1,1,3.8329911019849416,3-5 yrs,3,5.0,5,108987,13,0,Exceeds
10259,IT/IS,Data Analyst,Employee Referral,Voluntarily Terminated,performance,Other exit,0,0,1.4154688569472964,1-2 yrs,1,4.7,4,93093,19,0,Fully Meets
10286,Production,Production Technician I,Google Search,Voluntarily Terminated,career change,Preventable exit,1,1,6.965092402464066,5+ yrs,4,3.54,5,53564,15,4,Needs Improvement
10297,Production,Production Technician II,CareerBuilder,Voluntarily Terminated,unhappy,Preventable exit,1,1,4.1971252566735116,3-5 yrs,3,2.4,5,60270,2,5,Needs Improvement
10171,Production,Production Technician I,LinkedIn,Voluntarily Terminated,medical issues,Unpreventable exit,0,0,4.4435318275154,3-5 yrs,3,3.45,4,45998,5,0,Fully Meets
10032,Production,Production Technician II,Indeed,Voluntarily Terminated,more money,Preventable exit,1,1,1.7248459958932238,1-2 yrs,1,4.2,5,57954,12,0,Exceeds
10130,Production,Production Manager,Indeed,Voluntarily Terminated,Another position,Preventable exit,1,1,5.563312799452429,5+ yrs,4,4.16,5,74669,6,0,Fully Meets
10217,Production,Production Technician II,LinkedIn,Active,N/A-StillEmployed,Stayed,0,1,6.907597535934292,5+ yrs,4,4.3,3,74226,14,0,Fully Meets
10016,IT/IS,Data Analyst,Employee Referral,Active,N/A-StillEmployed,Stayed,0,1,4.301163586584531,3-5 yrs,3,4.6,5,93554,16,0,Exceeds
10050,Production,Production Technician I,Google Search,Voluntarily Terminated,more money,Preventable exit,1,1,1.4072553045859,1-2 yrs,1,5.0,3,64724,13,0,Fully Meets
10164,Production,Production Technician I,Google Search,Active,N/A-StillEmployed,Stayed,0,1,11.315537303216974,5+ yrs,4,3.66,3,47001,15,0,Fully Meets
10124,Sales,Area Sales Manager,Website,Active,N/A-StillEmployed,Stayed,0,1,7.137577002053388,5+ yrs,4,4.2,5,61844,9,0,Fully Meets
10187,Production,Production Technician I,Google Search,Voluntarily Terminated,Another position,Preventable exit,1,1,7.052703627652293,5+ yrs,4,3.17,4,46799,14,0,Fully Meets
10225,Production,Production Technician I,Employee Referral,Active,N/A-StillEmployed,Stayed,0,1,5.144421629021219,5+ yrs,4,4.8,3,59472,14,0,Fully Meets
10262,Production,Production Technician I,Indeed,Voluntarily Terminated,unhappy,Preventable exit,1,1,0.731006160164271,Under 1 yr,0,4.5,5,46430,16,0,Fully Meets
10131,Software Engineering,Software Engineer,Diversity Job Fair,Voluntarily Terminated,career change,Preventable exit,1,1,4.479123887748118,3-5 yrs,3,4.15,4,83363,4,0,Fully Meets
10239,IT/IS,BI Developer,Indeed,Active,N/A-StillEmployed,Stayed,0,1,2.406570841889117,2-3 yrs,2,4.4,4,95920,10,0,Fully Meets
10152,Production,Production Technician I,Indeed,Voluntarily Terminated,more money,Preventable exit,1,1,6.529774127310062,5+ yrs,4,3.8,5,61729,19,0,Fully Meets
10140,Sales,Area Sales Manager,CareerBuilder,Active,N/A-StillEmployed,Stayed,0,1,4.799452429842574,3-5 yrs,3,3.98,3,61809,4,0,Fully Meets
10058,Production,Production Technician I,LinkedIn,Voluntarily Terminated,retiring,Unpreventable exit,0,0,4.6680355920602326,3-5 yrs,3,5.0,4,45115,11,0,Fully Meets
10011,Production,Production Technician I,Google Search,Active,N/A-StillEmployed,Stayed,0,1,7.252566735112937,5+ yrs,4,4.36,5,46738,16,0,Exceeds
10230,Production,Production Technician II,Google Search,Voluntarily Terminated,return to school,Unpreventable exit,0,0,0.07118412046543464,Under 1 yr,0,4.5,4,64971,10,0,Fully Meets
10224,Production,Production Technician II,Indeed,Voluntarily Terminated,Another position,Preventable exit,1,1,0.5968514715947981,Under 1 yr,0,4.2,5,55578,13,0,Fully Meets
10047,Production,Production Technician I,Indeed,Voluntarily Terminated,attendance,Other exit,0,0,5.04312114989733,5+ yrs,4,5.0,3,50428,11,0,Fully Meets
10285,Production,Production Technician I,Indeed,Terminated for Cause,attendance,Fired,0,0,5.349760438056126,5+ yrs,4,3.6,3,61422,16,4,Needs Improvement
10020,Production,Production Technician I,Employee Referral,Active,N/A-StillEmployed,Stayed,0,1,5.642710472279261,5+ yrs,4,3.6,5,63353,4,0,Exceeds
10162,IT/IS,Data Analyst,Employee Referral,Active,N/A-StillEmployed,Stayed,0,1,4.032854209445585,3-5 yrs,3,3.69,5,89883,15,0,Fully Meets
10149,IT/IS,Principal Data Architect,LinkedIn,Voluntarily Terminated,Another position,Preventable exit,1,1,3.8466803559206024,3-5 yrs,3,3.88,3,120000,12,0,Fully Meets
10086,IT/IS,Data Architect,Indeed,Active,N/A-StillEmployed,Stayed,0,1,2.1409993155373033,2-3 yrs,2,4.94,3,150290,17,0,Fully Meets
10054,Production,Production Technician I,Website,Active,N/A-StillEmployed,Stayed,0,1,5.144421629021219,5+ yrs,4,5.0,4,60627,8,0,Fully Meets
10065,Production,Production Technician I,Google Search,Voluntarily Terminated,Another position,Preventable exit,1,1,7.359342915811088,5+ yrs,4,5.0,5,53180,4,0,Fully Meets
10198,IT/IS,IT Manager - DB,Indeed,Active,N/A-StillEmployed,Stayed,0,1,6.105407255304586,5+ yrs,4,3.6,5,140920,13,0,Fully Meets
10222,IT/IS,IT Manager - DB,Diversity Job Fair,Voluntarily Terminated,hours,Preventable exit,1,1,3.8193018480492813,3-5 yrs,3,4.3,4,148999,8,0,Fully Meets
10126,Software Engineering,Software Engineer,Indeed,Active,N/A-StillEmployed,Stayed,0,1,6.313483915126626,5+ yrs,4,4.2,3,86214,2,0,Fully Meets
10295,Production,Production Technician I,Diversity Job Fair,Active,N/A-StillEmployed,Stayed,0,1,2.652977412731006,2-3 yrs,2,2.6,4,47750,4,5,Needs Improvement
10260,Production,Production Technician I,Google Search,Voluntarily Terminated,relocation out of area,Unpreventable exit,0,0,9.56331279945243,5+ yrs,4,4.6,5,46428,7,0,Fully Meets
10233,Production,Production Technician II,CareerBuilder,Active,N/A-StillEmployed,Stayed,0,1,8.498288843258042,5+ yrs,4,4.1,3,57975,13,0,Fully Meets
10229,IT/IS,Data Analyst,LinkedIn,Voluntarily Terminated,hours,Preventable exit,1,1,0.8186173853524983,Under 1 yr,0,4.2,3,88527,2,0,Fully Meets
10169,Production,Production Technician I,LinkedIn,Active,N/A-StillEmployed,Stayed,0,1,4.41615331964408,3-5 yrs,3,3.51,3,56147,2,0,Fully Meets
10071,Production,Production Technician I,Google Search,Active,N/A-StillEmployed,Stayed,0,1,5.412731006160164,5+ yrs,4,5.0,5,50923,14,0,Fully Meets
10179,IT/IS,Network Engineer,LinkedIn,Active,N/A-StillEmployed,Stayed,0,1,4.413415468856948,3-5 yrs,3,3.31,3,50750,7,0,Fully Meets
10091,Production,Production Technician I,LinkedIn,Active,N/A-StillEmployed,Stayed,0,1,5.5277207392197125,5+ yrs,4,4.81,4,52087,15,0,Fully Meets
10178,IT/IS,Data Analyst,Employee Referral,Active,N/A-StillEmployed,Stayed,0,1,4.147843942505133,3-5 yrs,3,3.32,3,87826,16,0,Fully Meets
10039,Admin Offices,Administrative Assistant,Website,Active,N/A-StillEmployed,Stayed,0,1,3.8302532511978096,3-5 yrs,3,5.0,3,51920,2,0,Fully Meets
10095,Production,Production Technician II,CareerBuilder,Voluntarily Terminated,maternity leave - did not return,Unpreventable exit,0,0,5.448323066392882,5+ yrs,4,4.68,4,63878,20,0,Fully Meets
10027,Production,Production Technician II,Indeed,Active,N/A-StillEmployed,Stayed,0,1,4.41615331964408,3-5 yrs,3,4.3,3,60656,4,0,Exceeds
10291,Sales,Sales Manager,Diversity Job Fair,Active,N/A-StillEmployed,Stayed,0,1,4.783025325119781,3-5 yrs,3,2.4,4,72992,16,2,Needs Improvement
10153,Admin Offices,Administrative Assistant,Diversity Job Fair,Voluntarily Terminated,career change,Preventable exit,1,1,1.998631074606434,1-2 yrs,1,3.8,4,55000,17,0,Fully Meets
10157,Production,Production Technician I,Employee Referral,Active,N/A-StillEmployed,Stayed,0,1,5.297741273100616,5+ yrs,4,3.73,3,58939,16,0,Fully Meets
10119,IT/IS,IT Support,LinkedIn,Active,N/A-StillEmployed,Stayed,0,1,7.7207392197125255,5+ yrs,4,4.3,3,66593,19,0,Fully Meets
10180,IT/IS,Sr. Network Engineer,LinkedIn,Active,N/A-StillEmployed,Stayed,0,1,2.6639288158795345,2-3 yrs,2,3.27,4,87565,13,0,Fully Meets
10302,Production,Production Technician I,Indeed,Active,N/A-StillEmployed,Stayed,0,1,7.02258726899384,5+ yrs,4,2.4,2,64021,20,6,PIP
10090,Production,Production Manager,LinkedIn,Active,N/A-StillEmployed,Stayed,0,1,6.406570841889117,5+ yrs,4,4.83,5,65714,15,0,Fully Meets
10030,Production,Production Technician I,LinkedIn,Voluntarily Terminated,unhappy,Preventable exit,1,1,2.127310061601643,2-3 yrs,2,4.1,4,62425,16,0,Exceeds
10278,Production,Production Technician I,Google Search,Active,N/A-StillEmployed,Stayed,0,1,8.134154688569472,5+ yrs,4,4.1,4,47961,9,0,Fully Meets
10307,Sales,Area Sales Manager,Website,Active,N/A-StillEmployed,Stayed,0,1,4.799452429842574,3-5 yrs,3,1.81,2,58273,5,3,PIP
10147,Admin Offices,Accountant I,Indeed,Active,N/A-StillEmployed,Stayed,0,1,4.41615331964408,3-5 yrs,3,3.9,5,63003,9,0,Fully Meets
10266,Production,Production Technician I,LinkedIn,Active,N/A-StillEmployed,Stayed,0,1,5.02943189596167,5+ yrs,4,4.7,3,61355,4,0,Fully Meets
10241,Sales,Area Sales Manager,Indeed,Active,N/A-StillEmployed,Stayed,0,1,8.421629021218344,5+ yrs,4,4.1,4,60120,18,0,Fully Meets
10158,Production,Production Manager,Indeed,Active,N/A-StillEmployed,Stayed,0,1,10.13826146475017,5+ yrs,4,3.73,4,63682,12,0,Fully Meets
10117,Production,Production Technician I,Google Search,Active,N/A-StillEmployed,Stayed,0,1,4.147843942505133,3-5 yrs,3,4.36,5,63025,10,0,Fully Meets
10209,Production,Production Technician I,Indeed,Active,N/A-StillEmployed,Stayed,0,1,6.792607802874743,5+ yrs,4,3.4,5,59238,13,0,Fully Meets
10024,Software Engineering,Software Engineer,LinkedIn,Active,N/A-StillEmployed,Stayed,0,1,4.646132785763176,3-5 yrs,3,4.5,5,92989,1,0,Exceeds
10173,IT/IS,BI Developer,Indeed,Active,N/A-StillEmployed,Stayed,0,1,1.8590006844626967,1-2 yrs,1,3.4,3,90100,14,0,Fully Meets
10221,Production,Production Technician I,Diversity Job Fair,Voluntarily Terminated,Another position,Preventable exit,1,1,3.9288158795345653,3-5 yrs,3,4.5,5,60754,11,0,Fully Meets
10146,Production,Production Technician II,Google Search,Voluntarily Terminated,Another position,Preventable exit,1,1,6.146475017111568,5+ yrs,4,3.93,3,72202,3,0,Fully Meets
10161,Sales,Area Sales Manager,Indeed,Active,N/A-StillEmployed,Stayed,0,1,4.41615331964408,3-5 yrs,3,3.69,3,58370,18,0,Fully Meets
10141,Production,Production Technician I,Indeed,Voluntarily Terminated,return to school,Unpreventable exit,0,0,5.171800136892539,5+ yrs,4,3.98,4,48413,1,0,Fully Meets
10268,Production,Production Technician II,Other,Voluntarily Terminated,military,Unpreventable exit,0,0,3.1813826146475015,3-5 yrs,3,4.1,4,67176,15,0,Fully Meets
10123,Production,Production Technician I,Indeed,Active,N/A-StillEmployed,Stayed,0,1,6.026009582477755,5+ yrs,4,4.21,5,56339,4,0,Fully Meets
10013,Sales,Area Sales Manager,Indeed,Active,N/A-StillEmployed,Stayed,0,1,13.136208076659821,5+ yrs,4,4.1,3,64397,6,0,Exceeds
10287,Production,Production Technician I,LinkedIn,Active,N/A-StillEmployed,Stayed,0,1,5.02943189596167,5+ yrs,4,2.44,5,63025,18,4,Needs Improvement
10044,IT/IS,Network Engineer,CareerBuilder,Voluntarily Terminated,medical issues,Unpreventable exit,0,0,1.103353867214237,1-2 yrs,1,5.0,3,75281,11,0,Fully Meets
10102,Software Engineering,Software Engineer,Diversity Job Fair,Voluntarily Terminated,medical issues,Unpreventable exit,0,0,5.152635181382615,5+ yrs,4,4.6,3,100416,9,0,Fully Meets
10270,Production,Production Technician II,LinkedIn,Voluntarily Terminated,unhappy,Preventable exit,1,1,3.4743326488706368,3-5 yrs,3,4.4,3,74813,5,0,Fully Meets
10045,IT/IS,Network Engineer,Employee Referral,Active,N/A-StillEmployed,Stayed,0,1,3.917864476386037,3-5 yrs,3,5.0,4,76029,8,0,Fully Meets
10205,Sales,Area Sales Manager,Indeed,Active,N/A-StillEmployed,Stayed,0,1,7.652292950034223,5+ yrs,4,2.81,3,57859,16,0,Fully Meets
10014,Production,Production Technician I,LinkedIn,Voluntarily Terminated,maternity leave - did not return,Unpreventable exit,0,0,3.479808350444901,3-5 yrs,3,4.5,5,58523,15,0,Exceeds
10144,Production,Production Manager,Employee Referral,Active,N/A-StillEmployed,Stayed,0,1,7.578370978781656,5+ yrs,4,3.93,3,88976,19,0,Fully Meets
10253,Sales,Area Sales Manager,Website,Active,N/A-StillEmployed,Stayed,0,1,6.98425735797399,5+ yrs,4,4.5,4,55875,11,0,Fully Meets
10118,IT/IS,Database Administrator,Employee Referral,Terminated for Cause,"no-call, no-show",Fired,0,0,2.0177960301163584,2-3 yrs,2,4.33,3,113999,9,0,Fully Meets
10022,Production,Production Technician I,Google Search,Terminated for Cause,gross misconduct,Fired,0,0,4.369609856262834,3-5 yrs,3,4.3,5,49773,18,0,Exceeds
10183,Production,Production Technician I,LinkedIn,Active,N/A-StillEmployed,Stayed,0,1,3.652292950034223,3-5 yrs,3,3.21,3,62068,7,0,Fully Meets
10190,Production,Production Technician II,Employee Referral,Active,N/A-StillEmployed,Stayed,0,1,4.531143052703627,3-5 yrs,3,3.11,5,66541,4,0,Fully Meets
10274,Production,Production Manager,Diversity Job Fair,Voluntarily Terminated,Another position,Preventable exit,1,1,0.2683093771389459,Under 1 yr,0,4.5,3,80512,5,0,Fully Meets
10293,Production,Production Technician I,CareerBuilder,Voluntarily Terminated,career change,Preventable exit,1,1,3.049965776865161,3-5 yrs,3,2.5,3,50274,13,6,Needs Improvement
10172,IT/IS,Senior BI Developer,Indeed,Active,N/A-StillEmployed,Stayed,0,1,2.0342231348391513,2-3 yrs,2,3.42,4,84903,17,0,Fully Meets
10127,IT/IS,Sr. Network Engineer,Employee Referral,Active,N/A-StillEmployed,Stayed,0,1,3.917864476386037,3-5 yrs,3,4.2,4,107226,7,0,Fully Meets
10072,Production,Production Technician I,LinkedIn,Voluntarily Terminated,hours,Preventable exit,1,1,3.3429158110882957,3-5 yrs,3,5.0,5,58371,11,0,Fully Meets
10048,Production,Production Technician I,Website,Voluntarily Terminated,unhappy,Preventable exit,1,1,4.312114989733059,3-5 yrs,3,5.0,3,55140,7,0,Fully Meets
10204,Production,Production Technician I,Google Search,Voluntarily Terminated,Another position,Preventable exit,1,1,1.3415468856947297,1-2 yrs,1,3.6,5,58062,9,0,Fully Meets
10264,Production,Production Technician I,Diversity Job Fair,Voluntarily Terminated,relocation out of area,Unpreventable exit,0,0,3.463381245722108,3-5 yrs,3,4.3,4,59728,16,0,Fully Meets
10033,Production,Production Technician II,LinkedIn,Voluntarily Terminated,retiring,Unpreventable exit,0,0,3.1211498973305956,3-5 yrs,3,5.0,3,70507,7,0,Exceeds
10174,Production,Production Technician II,LinkedIn,Active,N/A-StillEmployed,Stayed,0,1,4.41615331964408,3-5 yrs,3,3.4,4,60446,14,0,Fully Meets
10135,Production,Production Technician II,LinkedIn,Active,N/A-StillEmployed,Stayed,0,1,4.646132785763176,3-5 yrs,3,4.07,4,65893,13,0,Fully Meets
10301,Production,Production Technician I,Google Search,Voluntarily Terminated,Another position,Preventable exit,1,1,7.0718685831622174,5+ yrs,4,3.2,2,48513,4,5,PIP
10010,IT/IS,CIO,Employee Referral,Active,N/A-StillEmployed,Stayed,0,1,8.8870636550308,5+ yrs,4,4.6,5,220450,16,0,Exceeds
10043,IT/IS,Data Analyst,Employee Referral,Active,N/A-StillEmployed,Stayed,0,1,3.917864476386037,3-5 yrs,3,5.0,3,89292,11,0,Fully Meets
10271,Production,Production Technician I,LinkedIn,Active,N/A-StillEmployed,Stayed,0,1,4.41615331964408,3-5 yrs,3,4.5,5,45046,2,0,Fully Meets
